id,name,segment,signup_date,region
1,Alex Smith,Enterprise,2024-07-08,AMER
2,Jamie Brown,Individual,2022-07-12,APAC
3,Avery Miller,Individual,2023-04-25,EMEA
4,Casey Smith,SMB,2021-07-10,APAC
5,Charlie Williams,SMB,2023-08-07,EMEA
6,Avery Jones,Individual,2021-02-13,EMEA
7,Sam Garcia,Individual,2021-05-12,AMER
8,Riley Smith,Enterprise,2023-04-30,APAC
9,Avery Brown,Enterprise,2023-12-06,APAC
10,Morgan Miller,Individual,2022-03-22,APAC
11,Alex Lee,Enterprise,2021-01-24,AMER
12,Alex Brown,SMB,2024-01-06,EMEA
13,Jamie Johnson,Individual,2021-04-06,APAC
14,Avery Davis,Enterprise,2022-10-06,APAC
15,Charlie Martinez,Enterprise,2021-01-29,AMER
16,Sam Miller,Individual,2024-11-07,EMEA
17,Riley Brown,Enterprise,2021-05-24,EMEA
18,Riley Garcia,Enterprise,2021-08-01,APAC
19,Alex Jones,Enterprise,2021-01-18,EMEA
20,Avery Davis,SMB,2022-08-19,AMER
21,Casey Jones,Enterprise,2022-11-30,AMER
22,Taylor Williams,Enterprise,2021-06-25,AMER
23,Morgan Garcia,Enterprise,2021-12-17,AMER
24,Riley Martinez,Individual,2022-03-06,APAC
25,Morgan Jones,Enterprise,2021-10-11,EMEA
26,Jordan Williams,Individual,2022-07-10,APAC
27,Alex Miller,Individual,2023-03-28,EMEA
28,Taylor Johnson,Enterprise,2022-02-22,EMEA
29,Casey Lee,SMB,2023-07-29,EMEA
30,Taylor Garcia,Enterprise,2023-08-29,EMEA
31,Taylor Jones,Individual,2023-11-02,AMER
32,Charlie Lee,Individual,2022-12-30,EMEA
33,Jordan Garcia,SMB,2024-08-02,APAC
34,Charlie Brown,Individual,2021-01-10,AMER
35,Riley Brown,Individual,2021-12-30,APAC
36,Avery Garcia,SMB,2024-11-09,AMER
37,Jamie Martinez,SMB,2024-10-24,APAC
38,Jordan Garcia,Individual,2021-05-16,EMEA
39,Riley Miller,SMB,2021-03-04,AMER
40,Morgan Jones,Enterprise,2022-05-11,APAC
41,Taylor Smith,Individual,2021-05-09,APAC
42,Sam Miller,SMB,2021-06-22,AMER
43,Jamie Davis,Enterprise,2023-08-22,AMER
44,Charlie Garcia,SMB,2022-01-14,AMER
45,Charlie Johnson,Enterprise,2022-04-04,APAC
46,Charlie Lee,SMB,2021-01-13,EMEA
47,Taylor Smith,Enterprise,2021-02-14,AMER
48,Riley Smith,SMB,2021-07-25,APAC
49,Charlie Miller,Individual,2023-07-08,APAC
50,Taylor Smith,Enterprise,2021-06-26,EMEA
51,Casey Lee,SMB,2023-04-03,APAC
52,Alex Lee,Individual,2023-08-10,APAC
53,Morgan Garcia,Individual,2024-01-09,AMER
54,Casey Johnson,SMB,2021-08-04,AMER
55,Sam Davis,Individual,2024-12-09,APAC
56,Casey Davis,SMB,2022-06-28,EMEA
57,Casey Miller,Individual,2022-11-28,AMER
58,Charlie Martinez,SMB,2022-03-24,EMEA
59,Avery Brown,Individual,2021-12-22,AMER
60,Alex Miller,Enterprise,2022-07-29,AMER
61,Charlie Davis,Enterprise,2023-07-31,AMER
62,Jamie Garcia,SMB,2022-10-24,EMEA
63,Charlie Davis,SMB,2024-08-26,APAC
64,Charlie Johnson,Individual,2022-03-17,AMER
65,Sam Williams,SMB,2024-07-16,EMEA
66,Avery Brown,Enterprise,2022-07-25,APAC
67,Alex Brown,Enterprise,2023-05-02,APAC
68,Taylor Garcia,Enterprise,2021-02-02,EMEA
69,Riley Johnson,SMB,2023-02-24,AMER
70,Taylor Brown,Enterprise,2021-11-28,AMER
71,Sam Johnson,Enterprise,2024-05-05,AMER
72,Riley Jones,SMB,2024-02-28,APAC
73,Sam Davis,SMB,2022-10-23,EMEA
74,Taylor Johnson,Enterprise,2024-02-24,APAC
75,Morgan Williams,Enterprise,2022-09-14,APAC
76,Alex Johnson,SMB,2024-07-08,APAC
77,Morgan Miller,SMB,2023-05-22,APAC
78,Charlie Davis,Individual,2024-01-08,APAC
79,Charlie Martinez,Enterprise,2021-01-03,APAC
80,Alex Miller,SMB,2022-01-29,AMER
81,Taylor Davis,Individual,2023-08-23,AMER
82,Sam Miller,Individual,2023-06-07,APAC
83,Sam Lee,Individual,2021-04-04,APAC
84,Casey Martinez,SMB,2022-08-15,APAC
85,Alex Lee,SMB,2023-02-14,APAC
86,Riley Miller,Individual,2024-03-27,AMER
87,Jamie Brown,SMB,2021-03-13,APAC
88,Morgan Jones,Individual,2023-08-26,EMEA
89,Jordan Miller,SMB,2022-11-17,AMER
90,Avery Lee,Enterprise,2023-05-11,APAC
91,Avery Jones,Enterprise,2023-05-08,EMEA
92,Avery Jones,Enterprise,2022-03-15,AMER
93,Avery Johnson,Individual,2022-03-14,APAC
94,Alex Smith,Enterprise,2022-12-20,APAC
95,Casey Johnson,SMB,2023-04-02,APAC
96,Avery Miller,SMB,2023-08-09,AMER
97,Morgan Garcia,Individual,2022-05-27,APAC
98,Jordan Brown,Individual,2021-04-17,EMEA
99,Taylor Lee,Individual,2024-06-29,EMEA
100,Jamie Smith,Individual,2024-08-25,AMER
101,Taylor Lee,Enterprise,2023-01-13,AMER
102,Sam Garcia,SMB,2021-01-18,APAC
103,Jordan Martinez,Enterprise,2021-04-18,EMEA
104,Jordan Martinez,Individual,2022-07-18,AMER
105,Morgan Jones,Individual,2023-11-04,AMER
106,Charlie Brown,Enterprise,2021-07-06,AMER
107,Avery Garcia,Enterprise,2023-01-12,APAC
108,Casey Smith,Enterprise,2021-10-11,AMER
109,Riley Brown,Enterprise,2024-08-01,EMEA
110,Jordan Martinez,SMB,2021-12-22,AMER
111,Jordan Williams,Enterprise,2024-05-18,APAC
112,Taylor Miller,Enterprise,2022-05-10,AMER
113,Casey Miller,SMB,2024-09-09,APAC
114,Charlie Davis,Enterprise,2023-04-10,APAC
115,Avery Garcia,SMB,2023-04-29,APAC
116,Avery Lee,Individual,2023-02-08,EMEA
117,Avery Lee,Enterprise,2022-04-09,EMEA
118,Charlie Smith,SMB,2024-03-02,AMER
119,Alex Davis,SMB,2022-06-05,EMEA
120,Jamie Smith,Individual,2021-06-08,EMEA
121,Riley Lee,Individual,2022-04-17,APAC
122,Alex Garcia,Individual,2024-07-21,EMEA
123,Riley Brown,Individual,2024-10-17,APAC
124,Alex Garcia,Enterprise,2022-06-02,EMEA
125,Riley Jones,Individual,2023-08-09,APAC
126,Avery Brown,SMB,2023-05-17,AMER
127,Riley Jones,Individual,2023-01-10,APAC
128,Casey Martinez,Enterprise,2021-05-24,EMEA
129,Morgan Davis,Enterprise,2022-10-18,EMEA
130,Sam Brown,Enterprise,2024-08-12,APAC
131,Jordan Brown,Enterprise,2022-10-12,AMER
132,Jamie Martinez,Enterprise,2023-05-01,AMER
133,Jordan Jones,Enterprise,2023-07-28,APAC
134,Sam Williams,Enterprise,2022-12-19,AMER
135,Casey Miller,Enterprise,2024-01-29,EMEA
136,Casey Lee,Enterprise,2022-12-08,EMEA
137,Alex Smith,Enterprise,2023-05-08,EMEA
138,Casey Jones,SMB,2021-10-29,EMEA
139,Charlie Miller,Enterprise,2023-06-12,EMEA
140,Charlie Lee,Enterprise,2024-08-29,AMER
141,Jordan Smith,Enterprise,2024-10-25,APAC
142,Avery Brown,Individual,2022-07-11,APAC
143,Jordan Williams,Enterprise,2023-09-19,APAC
144,Taylor Brown,Individual,2023-04-27,APAC
145,Avery Martinez,Enterprise,2022-07-18,APAC
146,Alex Williams,Enterprise,2024-03-12,AMER
147,Taylor Johnson,Enterprise,2022-08-03,APAC
148,Charlie Jones,Enterprise,2022-07-15,APAC
149,Alex Jones,SMB,2022-06-27,APAC
150,Casey Johnson,Enterprise,2023-02-16,AMER
151,Taylor Lee,SMB,2021-08-12,APAC
152,Riley Smith,Individual,2021-07-03,APAC
153,Charlie Smith,Enterprise,2022-07-14,AMER
154,Charlie Lee,Enterprise,2021-03-29,AMER
155,Taylor Martinez,Individual,2024-07-10,APAC
156,Morgan Martinez,Enterprise,2024-05-09,AMER
157,Jamie Garcia,SMB,2021-12-29,EMEA
158,Alex Johnson,Enterprise,2024-12-15,APAC
159,Charlie Smith,Individual,2022-02-27,EMEA
160,Charlie Williams,Enterprise,2024-10-11,AMER
161,Morgan Lee,SMB,2021-12-17,AMER
162,Jordan Lee,Enterprise,2024-09-28,APAC
163,Jordan Williams,Individual,2024-10-22,APAC
164,Avery Johnson,SMB,2024-03-27,APAC
165,Jamie Lee,Individual,2021-05-30,AMER
166,Avery Lee,Enterprise,2021-10-14,APAC
167,Sam Davis,SMB,2022-02-27,APAC
168,Sam Lee,SMB,2024-01-12,APAC
169,Charlie Martinez,SMB,2022-07-19,EMEA
170,Casey Miller,SMB,2021-04-19,AMER
171,Jamie Smith,Enterprise,2023-02-24,APAC
172,Riley Lee,Individual,2021-01-04,AMER
173,Avery Lee,SMB,2023-04-29,EMEA
174,Alex Smith,Enterprise,2023-01-03,APAC
175,Riley Garcia,Individual,2024-05-14,EMEA
176,Charlie Jones,SMB,2022-05-29,APAC
177,Jamie Williams,Individual,2022-03-07,EMEA
178,Avery Miller,Individual,2023-07-23,APAC
179,Avery Brown,SMB,2024-01-03,EMEA
180,Taylor Jones,Individual,2023-12-04,EMEA
181,Taylor Smith,SMB,2021-09-29,AMER
182,Charlie Miller,SMB,2022-06-28,AMER
183,Charlie Johnson,SMB,2024-03-03,AMER
184,Avery Davis,Enterprise,2023-04-26,APAC
185,Avery Jones,Individual,2022-04-10,EMEA
186,Jordan Jones,Enterprise,2024-05-14,APAC
187,Alex Miller,Individual,2024-03-26,AMER
188,Casey Lee,Enterprise,2021-05-10,EMEA
189,Alex Martinez,SMB,2024-12-24,APAC
190,Sam Martinez,SMB,2023-03-24,APAC
191,Avery Martinez,SMB,2022-12-16,EMEA
192,Avery Lee,Enterprise,2021-11-26,EMEA
193,Alex Martinez,Enterprise,2023-10-22,APAC
194,Jamie Smith,Individual,2024-08-02,AMER
195,Avery Johnson,Individual,2024-05-28,APAC
196,Charlie Martinez,Individual,2022-10-26,APAC
197,Sam Lee,Enterprise,2022-10-10,EMEA
198,Charlie Brown,Individual,2023-05-15,AMER
199,Taylor Martinez,Enterprise,2023-10-29,EMEA
200,Riley Johnson,Individual,2021-11-04,EMEA
201,Charlie Davis,Enterprise,2023-02-03,AMER
202,Sam Johnson,Individual,2023-08-12,EMEA
203,Avery Davis,Individual,2022-09-28,EMEA
204,Charlie Jones,SMB,2022-12-31,APAC
205,Riley Lee,Enterprise,2022-05-10,AMER
206,Jordan Johnson,SMB,2021-12-10,EMEA
207,Jordan Brown,SMB,2022-10-23,AMER
208,Charlie Martinez,Individual,2023-06-05,EMEA
209,Alex Johnson,Individual,2023-06-14,EMEA
210,Casey Martinez,Enterprise,2022-03-15,APAC
211,Casey Johnson,Individual,2024-07-28,EMEA
212,Riley Martinez,SMB,2024-09-23,APAC
213,Avery Johnson,SMB,2021-04-05,APAC
214,Alex Brown,SMB,2021-06-26,EMEA
215,Avery Miller,Individual,2021-05-26,APAC
216,Riley Johnson,Enterprise,2023-04-04,EMEA
217,Alex Garcia,Enterprise,2021-04-06,EMEA
218,Morgan Jones,Enterprise,2021-07-08,EMEA
219,Sam Garcia,SMB,2024-05-23,APAC
220,Casey Brown,SMB,2024-01-16,EMEA
221,Sam Garcia,SMB,2021-11-02,EMEA
222,Taylor Smith,Individual,2022-02-03,EMEA
223,Avery Smith,Individual,2022-06-24,EMEA
224,Taylor Garcia,Individual,2024-11-13,EMEA
225,Charlie Miller,Enterprise,2021-01-10,AMER
226,Taylor Williams,Enterprise,2023-08-31,AMER
227,Alex Johnson,Enterprise,2023-12-11,AMER
228,Jamie Johnson,Individual,2021-07-12,APAC
229,Jamie Miller,Individual,2023-04-18,EMEA
230,Sam Martinez,Enterprise,2021-09-24,APAC
231,Charlie Brown,Individual,2021-05-16,EMEA
232,Casey Williams,Enterprise,2022-03-19,EMEA
233,Charlie Lee,Individual,2023-07-08,AMER
234,Taylor Johnson,Individual,2024-02-20,EMEA
235,Taylor Brown,Individual,2022-09-26,EMEA
236,Morgan Smith,Individual,2022-12-14,EMEA
237,Sam Williams,SMB,2021-04-08,AMER
238,Riley Garcia,Individual,2022-10-13,AMER
239,Charlie Garcia,Enterprise,2023-05-17,APAC
240,Jamie Davis,Individual,2024-11-08,EMEA
241,Casey Garcia,Individual,2021-03-21,EMEA
242,Casey Davis,SMB,2021-02-16,EMEA
243,Casey Johnson,Individual,2021-02-10,AMER
244,Avery Lee,Enterprise,2021-07-18,APAC
245,Charlie Williams,SMB,2021-10-14,EMEA
246,Avery Smith,Individual,2021-11-30,EMEA
247,Jordan Jones,Enterprise,2022-11-19,EMEA
248,Sam Lee,SMB,2024-04-09,EMEA
249,Taylor Martinez,SMB,2024-10-27,APAC
250,Morgan Williams,Enterprise,2021-09-14,EMEA
251,Charlie Williams,SMB,2021-10-15,AMER
252,Alex Smith,SMB,2022-03-05,APAC
253,Alex Garcia,Individual,2024-02-26,EMEA
254,Riley Miller,SMB,2022-11-06,AMER
255,Avery Miller,SMB,2021-09-10,EMEA
256,Jordan Lee,SMB,2023-07-19,APAC
257,Jamie Johnson,SMB,2021-12-25,AMER
258,Jamie Jones,Individual,2024-03-12,EMEA
259,Jamie Smith,Enterprise,2023-04-29,APAC
260,Alex Smith,Individual,2021-08-22,EMEA
261,Morgan Jones,Individual,2023-03-11,APAC
262,Jamie Miller,Enterprise,2021-08-07,APAC
263,Jamie Jones,Enterprise,2021-07-23,APAC
264,Jamie Brown,SMB,2024-05-20,EMEA
265,Taylor Garcia,Individual,2023-07-17,EMEA
266,Morgan Smith,SMB,2021-01-27,EMEA
267,Taylor Garcia,Enterprise,2022-07-16,APAC
268,Alex Williams,Individual,2022-09-01,AMER
269,Charlie Brown,Individual,2021-11-26,AMER
270,Morgan Martinez,SMB,2021-04-18,EMEA
271,Jordan Johnson,Enterprise,2024-04-17,AMER
272,Jamie Garcia,SMB,2023-09-23,APAC
273,Jamie Garcia,Enterprise,2022-01-26,APAC
274,Casey Jones,Enterprise,2023-06-28,AMER
275,Casey Garcia,SMB,2021-12-16,APAC
276,Taylor Williams,Enterprise,2021-02-24,EMEA
277,Morgan Smith,Enterprise,2023-03-02,APAC
278,Morgan Jones,Individual,2024-03-08,EMEA
279,Avery Martinez,SMB,2023-06-09,AMER
280,Alex Garcia,Enterprise,2023-11-17,AMER
281,Sam Martinez,SMB,2024-11-11,AMER
282,Sam Brown,Enterprise,2023-02-18,AMER
283,Riley Jones,SMB,2024-03-13,AMER
284,Jordan Miller,SMB,2023-12-10,AMER
285,Riley Martinez,Individual,2022-03-05,EMEA
286,Morgan Williams,SMB,2024-09-04,EMEA
287,Jordan Johnson,SMB,2024-03-10,APAC
288,Taylor Johnson,Individual,2022-06-28,APAC
289,Jordan Martinez,Enterprise,2021-08-18,APAC
290,Taylor Williams,SMB,2024-10-02,APAC
291,Casey Brown,Individual,2022-06-27,EMEA
292,Taylor Lee,Enterprise,2022-05-27,APAC
293,Charlie Williams,Individual,2024-08-03,APAC
294,Jamie Jones,SMB,2022-08-30,AMER
295,Taylor Martinez,Individual,2022-07-25,APAC
296,Alex Johnson,Enterprise,2023-06-05,APAC
297,Taylor Lee,Individual,2022-10-13,EMEA
298,Casey Garcia,Individual,2024-07-22,APAC
299,Jordan Davis,SMB,2021-03-14,AMER
300,Jordan Miller,Enterprise,2024-11-09,AMER
301,Jordan Garcia,Individual,2022-04-20,AMER
302,Morgan Miller,Enterprise,2024-02-29,AMER
303,Jamie Smith,Enterprise,2024-07-09,APAC
304,Taylor Smith,Enterprise,2024-06-28,EMEA
305,Alex Davis,SMB,2022-02-16,APAC
306,Alex Williams,Enterprise,2024-11-11,EMEA
307,Sam Martinez,SMB,2022-10-27,EMEA
308,Avery Davis,Individual,2023-05-07,APAC
309,Alex Jones,Individual,2023-07-18,AMER
310,Sam Miller,SMB,2023-07-27,AMER
311,Casey Martinez,SMB,2023-12-14,APAC
312,Taylor Brown,SMB,2024-08-03,AMER
313,Alex Williams,SMB,2022-09-02,APAC
314,Sam Lee,Individual,2022-06-16,APAC
315,Charlie Garcia,SMB,2021-06-20,EMEA
316,Riley Johnson,Enterprise,2024-08-23,AMER
317,Charlie Johnson,Individual,2022-12-03,AMER
318,Charlie Miller,SMB,2021-10-11,APAC
319,Morgan Davis,Individual,2021-03-03,EMEA
320,Alex Martinez,Enterprise,2022-02-17,AMER
321,Alex Davis,SMB,2021-10-11,AMER
322,Jamie Jones,Enterprise,2021-04-22,AMER
323,Alex Garcia,SMB,2024-03-22,AMER
324,Avery Miller,Enterprise,2022-12-02,APAC
325,Jordan Garcia,Enterprise,2024-10-26,APAC
326,Avery Lee,Individual,2023-02-07,EMEA
327,Taylor Davis,Individual,2021-03-01,EMEA
328,Sam Davis,Enterprise,2022-06-15,AMER
329,Charlie Miller,Individual,2024-02-23,APAC
330,Alex Miller,Individual,2021-11-15,AMER
331,Jamie Davis,Individual,2023-07-30,AMER
332,Sam Smith,Individual,2023-06-09,EMEA
333,Jordan Miller,SMB,2024-08-12,EMEA
334,Sam Lee,SMB,2022-02-10,APAC
335,Casey Davis,Enterprise,2022-01-22,AMER
336,Sam Garcia,Individual,2021-05-09,APAC
337,Jamie Martinez,Individual,2021-07-12,APAC
338,Jordan Jones,Individual,2024-10-20,APAC
339,Jordan Davis,Enterprise,2022-02-24,EMEA
340,Alex Brown,Enterprise,2021-08-09,EMEA
341,Jordan Davis,SMB,2021-01-24,AMER
342,Jamie Davis,SMB,2021-04-27,EMEA
343,Morgan Brown,Enterprise,2022-01-03,EMEA
344,Riley Davis,Individual,2022-11-03,AMER
345,Morgan Johnson,SMB,2023-02-22,APAC
346,Morgan Davis,Individual,2021-05-28,EMEA
347,Morgan Miller,Enterprise,2022-05-06,EMEA
348,Riley Miller,Individual,2023-04-13,EMEA
349,Morgan Miller,Enterprise,2021-12-11,AMER
350,Jamie Smith,Enterprise,2021-04-16,EMEA
351,Jordan Davis,Individual,2022-04-22,EMEA
352,Riley Jones,Enterprise,2023-05-28,AMER
353,Taylor Garcia,Enterprise,2024-04-24,AMER
354,Alex Davis,SMB,2022-01-20,APAC
355,Alex Brown,Enterprise,2024-02-11,EMEA
356,Jamie Garcia,SMB,2023-12-31,APAC
357,Alex Garcia,Individual,2022-10-05,APAC
358,Sam Garcia,SMB,2024-08-19,APAC
359,Morgan Miller,Enterprise,2021-12-23,APAC
360,Riley Johnson,SMB,2023-07-16,AMER
361,Riley Martinez,SMB,2024-10-11,EMEA
362,Morgan Smith,Individual,2022-05-30,APAC
363,Alex Williams,SMB,2021-05-13,AMER
364,Jamie Smith,Enterprise,2022-06-24,AMER
365,Casey Davis,Enterprise,2024-03-23,APAC
366,Morgan Garcia,Enterprise,2023-09-07,AMER
367,Riley Lee,Individual,2021-09-21,AMER
368,Sam Garcia,SMB,2024-01-03,AMER
369,Taylor Martinez,Enterprise,2022-02-16,EMEA
370,Charlie Davis,Enterprise,2022-12-19,APAC
371,Taylor Miller,Individual,2021-02-13,AMER
372,Jordan Williams,Individual,2021-10-15,APAC
373,Casey Brown,Individual,2021-02-04,EMEA
374,Jordan Martinez,Enterprise,2021-08-11,EMEA
375,Jordan Smith,Individual,2022-09-10,EMEA
376,Alex Martinez,Individual,2021-02-27,EMEA
377,Riley Miller,Individual,2021-12-16,APAC
378,Jordan Williams,Individual,2021-04-17,APAC
379,Alex Davis,Enterprise,2023-01-27,AMER
380,Riley Brown,Enterprise,2024-10-23,EMEA
381,Alex Williams,Enterprise,2022-06-04,AMER
382,Alex Johnson,Individual,2023-03-25,AMER
383,Jamie Jones,Enterprise,2021-08-07,EMEA
384,Morgan Brown,SMB,2022-04-21,EMEA
385,Taylor Miller,SMB,2022-12-07,AMER
386,Jamie Lee,Individual,2024-03-04,EMEA
387,Casey Smith,Enterprise,2022-04-03,AMER
388,Jamie Davis,SMB,2023-12-15,AMER
389,Taylor Garcia,Individual,2023-07-27,AMER
390,Morgan Davis,SMB,2023-09-13,AMER
391,Jordan Davis,Enterprise,2021-03-28,EMEA
392,Casey Miller,Enterprise,2024-12-24,APAC
393,Alex Williams,Enterprise,2024-09-03,AMER
394,Taylor Davis,SMB,2024-06-04,APAC
395,Riley Smith,Enterprise,2023-09-15,EMEA
396,Morgan Lee,Enterprise,2021-08-22,APAC
397,Casey Miller,SMB,2021-05-21,APAC
398,Casey Garcia,SMB,2022-08-25,EMEA
399,Alex Miller,Individual,2023-07-05,EMEA
400,Jamie Brown,Enterprise,2021-02-20,AMER
401,Alex Lee,SMB,2022-04-09,EMEA
402,Taylor Smith,Individual,2024-03-12,AMER
403,Sam Brown,Individual,2021-11-16,EMEA
404,Jamie Martinez,SMB,2022-10-02,APAC
405,Casey Davis,Enterprise,2021-08-26,AMER
406,Alex Martinez,SMB,2021-08-26,EMEA
407,Morgan Martinez,Individual,2023-07-31,EMEA
408,Charlie Williams,Individual,2023-10-25,EMEA
409,Charlie Davis,SMB,2023-07-29,APAC
410,Casey Brown,Individual,2023-07-15,APAC
411,Sam Miller,Individual,2024-11-23,APAC
412,Charlie Lee,SMB,2022-06-29,EMEA
413,Jordan Lee,SMB,2023-08-22,EMEA
414,Alex Martinez,Enterprise,2024-11-27,EMEA
415,Riley Brown,Enterprise,2024-05-02,EMEA
416,Taylor Davis,Enterprise,2023-12-25,AMER
417,Charlie Garcia,Enterprise,2023-02-04,APAC
418,Avery Lee,Individual,2022-09-06,APAC
419,Jordan Williams,Enterprise,2024-01-08,AMER
420,Charlie Brown,Enterprise,2023-06-08,EMEA
421,Charlie Smith,Enterprise,2024-11-21,EMEA
422,Jordan Brown,Enterprise,2021-08-10,AMER
423,Taylor Smith,SMB,2024-09-09,AMER
424,Taylor Martinez,Enterprise,2024-02-06,APAC
425,Taylor Miller,SMB,2023-12-16,AMER
426,Sam Martinez,Individual,2024-04-08,AMER
427,Casey Smith,Individual,2023-08-29,AMER
428,Morgan Smith,SMB,2022-06-19,EMEA
429,Charlie Garcia,SMB,2021-01-06,EMEA
430,Charlie Davis,Individual,2022-08-05,EMEA
431,Charlie Garcia,SMB,2021-12-23,EMEA
432,Jordan Garcia,SMB,2023-11-08,EMEA
433,Casey Davis,Individual,2023-04-10,APAC
434,Sam Brown,Individual,2024-05-29,APAC
435,Riley Johnson,Individual,2022-08-12,APAC
436,Alex Brown,Enterprise,2024-09-07,APAC
437,Sam Williams,SMB,2021-12-03,APAC
438,Riley Garcia,Enterprise,2021-02-06,APAC
439,Taylor Lee,Enterprise,2021-04-06,EMEA
440,Avery Davis,Individual,2023-03-27,AMER
441,Jordan Miller,SMB,2024-10-02,AMER
442,Jamie Garcia,Enterprise,2024-08-06,AMER
443,Jordan Garcia,Enterprise,2024-07-27,AMER
444,Taylor Martinez,Enterprise,2023-03-18,EMEA
445,Sam Smith,SMB,2024-07-22,AMER
446,Jamie Johnson,SMB,2024-02-22,APAC
447,Jordan Jones,Individual,2024-06-18,EMEA
448,Casey Brown,Individual,2024-07-28,APAC
449,Riley Johnson,SMB,2024-01-26,APAC
450,Alex Miller,Individual,2024-01-12,APAC
451,Sam Miller,Individual,2022-06-27,EMEA
452,Casey Martinez,Enterprise,2022-05-23,APAC
453,Sam Miller,Enterprise,2023-05-06,APAC
454,Jamie Lee,Individual,2021-03-05,AMER
455,Morgan Davis,Individual,2024-09-29,EMEA
456,Jamie Garcia,Individual,2021-01-25,APAC
457,Jamie Williams,Individual,2024-11-19,APAC
458,Alex Lee,Individual,2021-05-03,EMEA
459,Alex Martinez,Individual,2021-05-28,EMEA
460,Morgan Johnson,Individual,2024-01-27,AMER
461,Taylor Brown,SMB,2022-03-27,EMEA
462,Avery Miller,Enterprise,2023-02-15,APAC
463,Jamie Martinez,SMB,2023-05-21,AMER
464,Jamie Smith,Enterprise,2022-10-24,AMER
465,Morgan Garcia,Individual,2022-03-18,APAC
466,Jordan Brown,Individual,2021-02-06,EMEA
467,Riley Miller,Enterprise,2023-05-01,APAC
468,Taylor Williams,SMB,2024-03-04,AMER
469,Avery Smith,SMB,2022-06-16,AMER
470,Morgan Garcia,Individual,2022-06-20,AMER
471,Morgan Smith,Individual,2023-01-03,AMER
472,Sam Miller,Enterprise,2023-09-13,EMEA
473,Jamie Garcia,Individual,2024-06-27,AMER
474,Avery Williams,Enterprise,2024-11-04,AMER
475,Charlie Davis,SMB,2023-11-26,EMEA
476,Casey Jones,SMB,2024-08-15,APAC
477,Jordan Garcia,Enterprise,2023-04-04,APAC
478,Riley Miller,Individual,2023-07-31,APAC
479,Avery Brown,SMB,2022-03-11,EMEA
480,Jamie Brown,SMB,2024-02-17,AMER
481,Jamie Jones,Enterprise,2023-12-10,APAC
482,Charlie Smith,Individual,2021-08-15,EMEA
483,Avery Jones,Individual,2022-01-12,APAC
484,Casey Davis,Individual,2021-11-09,EMEA
485,Morgan Brown,Individual,2022-08-19,EMEA
486,Morgan Smith,SMB,2023-06-17,AMER
487,Jamie Johnson,Enterprise,2022-12-07,EMEA
488,Alex Garcia,Individual,2024-11-22,EMEA
489,Morgan Miller,SMB,2024-06-27,EMEA
490,Sam Martinez,SMB,2022-07-02,EMEA
491,Jamie Davis,Individual,2021-06-10,AMER
492,Riley Brown,SMB,2022-12-11,EMEA
493,Charlie Smith,SMB,2021-05-14,EMEA
494,Casey Smith,Individual,2023-10-19,AMER
495,Alex Johnson,Enterprise,2023-03-10,EMEA
496,Sam Garcia,SMB,2024-04-27,EMEA
497,Jamie Williams,Enterprise,2022-09-10,AMER
498,Riley Miller,Individual,2023-11-18,EMEA
499,Jamie Johnson,SMB,2024-07-07,APAC
500,Jamie Davis,Enterprise,2023-07-22,EMEA
501,Charlie Davis,Individual,2022-04-23,EMEA
502,Sam Miller,SMB,2024-08-18,APAC
503,Jamie Lee,SMB,2023-03-29,AMER
504,Alex Smith,Individual,2022-12-29,AMER
505,Morgan Martinez,SMB,2021-12-03,AMER
506,Taylor Miller,SMB,2024-01-31,APAC
507,Jordan Johnson,Enterprise,2022-12-30,EMEA
508,Riley Johnson,Enterprise,2021-04-07,EMEA
509,Jamie Smith,Individual,2024-03-25,EMEA
510,Morgan Jones,Individual,2024-09-16,EMEA
511,Jamie Jones,SMB,2022-09-12,APAC
512,Taylor Lee,SMB,2022-05-16,APAC
513,Casey Williams,SMB,2021-11-18,AMER
514,Morgan Davis,Individual,2024-12-29,APAC
515,Riley Jones,Enterprise,2022-04-30,EMEA
516,Jordan Miller,Enterprise,2021-10-27,AMER
517,Casey Williams,SMB,2022-03-28,EMEA
518,Casey Johnson,Individual,2021-01-24,AMER
519,Avery Williams,SMB,2023-04-13,APAC
520,Jordan Jones,Enterprise,2022-12-21,AMER
521,Taylor Martinez,Enterprise,2023-07-13,EMEA
522,Taylor Garcia,SMB,2023-05-24,AMER
523,Casey Martinez,Enterprise,2024-05-02,EMEA
524,Charlie Johnson,Individual,2024-02-06,AMER
525,Casey Jones,Enterprise,2021-07-04,EMEA
526,Charlie Smith,SMB,2021-04-20,EMEA
527,Charlie Miller,SMB,2021-08-13,EMEA
528,Riley Martinez,Enterprise,2023-01-02,APAC
529,Casey Miller,Enterprise,2024-06-15,APAC
530,Morgan Jones,Individual,2022-02-24,APAC
531,Charlie Johnson,SMB,2024-01-10,AMER
532,Sam Johnson,SMB,2023-08-14,EMEA
533,Morgan Davis,Enterprise,2021-08-19,EMEA
534,Taylor Martinez,SMB,2023-06-30,EMEA
535,Charlie Garcia,Enterprise,2021-09-04,EMEA
536,Charlie Williams,SMB,2021-06-07,APAC
537,Casey Miller,Individual,2022-12-11,EMEA
538,Morgan Davis,Individual,2021-12-23,AMER
539,Casey Williams,SMB,2024-02-06,APAC
540,Sam Brown,Individual,2021-05-22,EMEA
541,Jamie Brown,SMB,2022-04-19,AMER
542,Avery Davis,Enterprise,2022-12-07,APAC
543,Alex Davis,Individual,2021-12-03,AMER
544,Alex Smith,SMB,2022-09-10,AMER
545,Taylor Davis,SMB,2021-04-07,EMEA
546,Casey Davis,Enterprise,2023-04-12,APAC
547,Casey Jones,Enterprise,2023-01-31,APAC
548,Jordan Miller,SMB,2022-08-21,APAC
549,Taylor Lee,Individual,2022-04-04,AMER
550,Jamie Brown,Individual,2023-07-24,APAC
551,Jamie Smith,Individual,2021-11-13,EMEA
552,Alex Garcia,Individual,2021-04-16,APAC
553,Sam Miller,Enterprise,2021-06-15,APAC
554,Morgan Lee,Individual,2024-11-06,APAC
555,Avery Garcia,Individual,2021-10-12,AMER
556,Alex Garcia,SMB,2024-08-16,EMEA
557,Morgan Brown,Enterprise,2022-03-20,AMER
558,Alex Miller,Enterprise,2022-10-06,APAC
559,Morgan Davis,Enterprise,2021-07-05,AMER
560,Avery Johnson,SMB,2023-08-08,EMEA
561,Alex Williams,SMB,2022-03-17,APAC
562,Charlie Miller,Individual,2022-03-15,AMER
563,Charlie Davis,Individual,2023-05-24,AMER
564,Alex Jones,Individual,2022-05-24,EMEA
565,Jordan Brown,Individual,2021-04-09,EMEA
566,Casey Brown,Individual,2023-10-29,EMEA
567,Casey Miller,Enterprise,2021-06-22,APAC
568,Morgan Miller,Individual,2022-06-26,EMEA
569,Morgan Smith,SMB,2024-04-04,EMEA
570,Casey Williams,Enterprise,2022-05-25,EMEA
571,Alex Garcia,Individual,2022-07-15,APAC
572,Sam Jones,SMB,2023-08-24,APAC
573,Casey Davis,Individual,2021-07-26,EMEA
574,Alex Johnson,SMB,2021-04-03,EMEA
575,Sam Miller,Individual,2021-03-23,AMER
576,Alex Brown,SMB,2022-10-20,EMEA
577,Alex Jones,SMB,2022-07-03,APAC
578,Taylor Davis,SMB,2022-01-05,APAC
579,Charlie Garcia,SMB,2024-06-18,APAC
580,Charlie Johnson,Individual,2021-05-10,APAC
581,Alex Garcia,Individual,2021-11-08,EMEA
582,Sam Williams,Enterprise,2023-04-25,APAC
583,Riley Williams,SMB,2021-02-20,EMEA
584,Taylor Davis,SMB,2022-01-21,AMER
585,Morgan Jones,Individual,2024-10-25,AMER
586,Taylor Garcia,SMB,2024-08-21,APAC
587,Taylor Martinez,SMB,2021-07-03,AMER
588,Casey Williams,Enterprise,2021-04-08,EMEA
589,Riley Johnson,SMB,2021-06-24,APAC
590,Jamie Garcia,Enterprise,2023-04-19,AMER
591,Riley Miller,Individual,2024-08-07,APAC
592,Taylor Johnson,SMB,2021-11-07,AMER
593,Jamie Martinez,Enterprise,2022-07-01,AMER
594,Sam Jones,Enterprise,2022-03-03,APAC
595,Taylor Williams,Enterprise,2022-02-11,AMER
596,Sam Jones,Individual,2021-06-05,AMER
597,Morgan Smith,Individual,2023-07-12,AMER
598,Casey Johnson,SMB,2022-10-03,AMER
599,Avery Jones,Individual,2024-05-02,AMER
600,Morgan Martinez,SMB,2023-08-08,EMEA
601,Avery Garcia,SMB,2023-10-17,AMER
602,Sam Johnson,SMB,2024-07-26,EMEA
603,Jamie Jones,Enterprise,2021-06-19,EMEA
604,Jordan Jones,Enterprise,2022-02-17,AMER
605,Jamie Martinez,Individual,2022-12-04,APAC
606,Avery Williams,Enterprise,2022-05-30,APAC
607,Charlie Brown,SMB,2021-09-20,APAC
608,Avery Lee,SMB,2021-12-20,APAC
609,Riley Smith,Individual,2023-06-11,EMEA
610,Alex Lee,Enterprise,2021-10-05,EMEA
611,Avery Brown,Individual,2021-05-27,APAC
612,Taylor Davis,SMB,2024-01-15,AMER
613,Jamie Jones,SMB,2022-03-15,APAC
614,Jordan Brown,Enterprise,2022-06-25,AMER
615,Alex Lee,SMB,2023-10-24,APAC
616,Riley Garcia,Enterprise,2024-05-10,EMEA
617,Taylor Williams,Enterprise,2021-09-15,EMEA
618,Casey Garcia,SMB,2024-02-15,EMEA
619,Morgan Lee,Enterprise,2023-02-08,EMEA
620,Charlie Martinez,Individual,2024-06-29,AMER
621,Jordan Miller,SMB,2023-03-27,EMEA
622,Taylor Brown,Individual,2023-03-07,APAC
623,Jamie Williams,SMB,2021-10-20,EMEA
624,Casey Lee,Enterprise,2023-03-25,APAC
625,Morgan Garcia,Individual,2022-03-02,EMEA
626,Jamie Lee,Enterprise,2022-09-22,AMER
627,Sam Garcia,Enterprise,2021-03-07,AMER
628,Taylor Garcia,SMB,2022-06-19,APAC
629,Jamie Jones,Individual,2023-03-19,AMER
630,Casey Davis,Individual,2021-08-24,EMEA
631,Charlie Miller,Enterprise,2022-03-10,AMER
632,Jamie Miller,SMB,2023-02-26,APAC
633,Alex Miller,SMB,2024-11-14,EMEA
634,Jamie Lee,Enterprise,2024-01-13,APAC
635,Morgan Jones,Enterprise,2022-07-22,EMEA
636,Charlie Garcia,SMB,2022-11-30,AMER
637,Morgan Miller,Individual,2023-08-22,EMEA
638,Taylor Brown,SMB,2023-04-22,APAC
639,Casey Davis,SMB,2022-02-20,APAC
640,Jordan Davis,Enterprise,2021-05-17,EMEA
641,Riley Johnson,Enterprise,2023-09-23,AMER
642,Jordan Davis,SMB,2022-03-03,EMEA
643,Avery Jones,Individual,2021-11-21,AMER
644,Taylor Davis,SMB,2024-08-31,EMEA
645,Taylor Williams,Enterprise,2024-09-15,AMER
646,Sam Lee,Enterprise,2022-08-29,APAC
647,Alex Brown,SMB,2022-07-01,EMEA
648,Charlie Smith,Individual,2023-01-24,AMER
649,Casey Martinez,Individual,2024-09-14,APAC
650,Morgan Lee,Individual,2023-04-04,APAC
651,Morgan Williams,SMB,2022-07-16,AMER
652,Alex Brown,SMB,2024-03-07,AMER
653,Jamie Miller,SMB,2022-11-13,APAC
654,Jamie Davis,SMB,2021-09-01,EMEA
655,Charlie Miller,Individual,2024-08-01,EMEA
656,Jamie Smith,Enterprise,2023-02-17,EMEA
657,Taylor Garcia,SMB,2022-03-16,APAC
658,Charlie Smith,Individual,2023-06-07,EMEA
659,Sam Johnson,SMB,2024-03-31,APAC
660,Avery Williams,SMB,2022-09-27,EMEA
661,Jamie Martinez,Enterprise,2022-10-15,APAC
662,Riley Davis,Enterprise,2024-05-31,AMER
663,Casey Garcia,Individual,2024-10-26,EMEA
664,Taylor Miller,Individual,2022-11-04,AMER
665,Alex Davis,SMB,2022-12-31,APAC
666,Charlie Smith,Enterprise,2023-04-23,APAC
667,Morgan Davis,Individual,2022-12-16,AMER
668,Jordan Smith,Enterprise,2022-07-13,AMER
669,Sam Williams,Enterprise,2022-07-10,APAC
670,Morgan Martinez,SMB,2024-10-25,EMEA
671,Charlie Lee,Enterprise,2021-02-09,APAC
672,Morgan Williams,Enterprise,2023-09-05,AMER
673,Riley Lee,SMB,2023-09-15,AMER
674,Sam Martinez,Enterprise,2021-08-24,APAC
675,Morgan Johnson,Individual,2022-08-20,EMEA
676,Taylor Jones,SMB,2023-03-24,AMER
677,Sam Smith,Individual,2023-09-06,EMEA
678,Casey Jones,SMB,2024-12-27,AMER
679,Sam Smith,Enterprise,2024-05-02,APAC
680,Jordan Jones,Enterprise,2021-11-09,EMEA
681,Jordan Johnson,Enterprise,2022-07-15,EMEA
682,Alex Brown,Enterprise,2024-05-05,AMER
683,Alex Williams,Individual,2023-11-29,APAC
684,Casey Garcia,SMB,2023-05-11,AMER
685,Jordan Smith,Enterprise,2023-12-19,AMER
686,Avery Davis,SMB,2023-09-20,APAC
687,Charlie Davis,Individual,2021-11-15,APAC
688,Casey Lee,Individual,2021-07-21,AMER
689,Riley Brown,Enterprise,2022-08-02,APAC
690,Morgan Lee,Individual,2024-12-30,AMER
691,Riley Martinez,SMB,2023-01-03,AMER
692,Alex Lee,Individual,2023-02-26,APAC
693,Avery Martinez,SMB,2021-03-28,AMER
694,Riley Williams,SMB,2024-11-05,AMER
695,Avery Davis,Enterprise,2023-05-05,AMER
696,Riley Davis,Individual,2024-02-19,AMER
697,Morgan Miller,Individual,2023-02-13,EMEA
698,Sam Johnson,SMB,2022-10-26,AMER
699,Riley Davis,Enterprise,2021-04-27,APAC
700,Morgan Miller,Enterprise,2024-01-29,EMEA
701,Taylor Martinez,Individual,2022-12-15,AMER
702,Casey Jones,Individual,2022-10-28,AMER
703,Jordan Smith,Individual,2024-09-12,EMEA
704,Avery Johnson,Individual,2022-05-31,APAC
705,Charlie Miller,SMB,2024-03-24,EMEA
706,Charlie Lee,Individual,2022-04-03,AMER
707,Alex Garcia,SMB,2024-09-01,APAC
708,Riley Lee,SMB,2021-06-05,AMER
709,Morgan Garcia,Individual,2022-05-23,AMER
710,Taylor Johnson,Enterprise,2024-11-13,EMEA
711,Alex Jones,Individual,2024-11-12,AMER
712,Casey Jones,Individual,2024-01-05,APAC
713,Casey Garcia,Individual,2023-04-24,AMER
714,Morgan Johnson,Enterprise,2021-12-09,EMEA
715,Jamie Miller,SMB,2021-09-18,APAC
716,Jordan Martinez,Individual,2021-05-23,AMER
717,Morgan Williams,Individual,2023-02-19,EMEA
718,Jamie Johnson,SMB,2023-03-28,APAC
719,Alex Lee,SMB,2023-01-22,EMEA
720,Avery Martinez,Individual,2021-03-13,EMEA
721,Alex Jones,SMB,2023-04-07,EMEA
722,Charlie Jones,SMB,2023-10-29,AMER
723,Jamie Garcia,Enterprise,2023-11-13,EMEA
724,Jamie Martinez,Enterprise,2023-04-20,APAC
725,Casey Jones,Enterprise,2024-05-14,EMEA
726,Taylor Garcia,Individual,2022-08-20,EMEA
727,Sam Lee,Individual,2024-08-17,APAC
728,Avery Williams,SMB,2024-11-12,EMEA
729,Jamie Martinez,Individual,2023-07-29,AMER
730,Jamie Miller,SMB,2021-08-05,EMEA
731,Avery Martinez,SMB,2024-11-18,APAC
732,Charlie Jones,Individual,2021-05-13,APAC
733,Jordan Martinez,Enterprise,2024-01-01,AMER
734,Casey Garcia,Enterprise,2021-06-02,AMER
735,Avery Williams,Individual,2022-05-25,EMEA
736,Casey Davis,Enterprise,2022-11-21,AMER
737,Taylor Martinez,SMB,2024-08-19,AMER
738,Avery Williams,Enterprise,2021-02-01,EMEA
739,Avery Garcia,Enterprise,2022-12-23,APAC
740,Riley Garcia,Individual,2023-07-23,APAC
741,Taylor Miller,SMB,2021-09-13,EMEA
742,Charlie Garcia,Individual,2023-12-18,APAC
743,Avery Jones,SMB,2022-09-05,EMEA
744,Riley Davis,Enterprise,2023-03-21,AMER
745,Taylor Brown,SMB,2024-02-18,APAC
746,Charlie Davis,SMB,2023-07-11,APAC
747,Morgan Brown,Enterprise,2022-12-15,APAC
748,Charlie Jones,SMB,2024-05-10,APAC
749,Morgan Brown,SMB,2022-09-25,AMER
750,Taylor Davis,Enterprise,2024-01-22,AMER
751,Casey Jones,Individual,2022-07-30,APAC
752,Jordan Smith,Enterprise,2021-10-02,EMEA
753,Sam Williams,Individual,2024-09-06,EMEA
754,Charlie Smith,Enterprise,2023-02-24,EMEA
755,Morgan Jones,SMB,2021-07-13,AMER
756,Jordan Johnson,Individual,2021-10-09,AMER
757,Jamie Lee,Individual,2024-05-23,APAC
758,Jordan Smith,SMB,2024-02-24,AMER
759,Jordan Brown,Individual,2021-01-20,APAC
760,Sam Davis,Individual,2022-08-02,AMER
761,Jordan Smith,Enterprise,2023-06-30,AMER
762,Taylor Smith,Enterprise,2022-10-02,APAC
763,Avery Garcia,Enterprise,2022-05-13,APAC
764,Taylor Miller,SMB,2023-09-11,EMEA
765,Jordan Miller,Enterprise,2022-02-28,AMER
766,Jordan Brown,SMB,2021-02-14,EMEA
767,Taylor Williams,Individual,2024-01-02,APAC
768,Avery Garcia,SMB,2022-06-27,AMER
769,Sam Williams,Individual,2022-12-19,EMEA
770,Jordan Lee,Enterprise,2023-12-25,EMEA
771,Jordan Davis,Individual,2021-08-25,AMER
772,Casey Garcia,SMB,2023-06-25,APAC
773,Avery Jones,Enterprise,2022-01-23,EMEA
774,Avery Smith,Individual,2023-07-14,AMER
775,Casey Smith,Enterprise,2021-12-18,AMER
776,Alex Smith,Individual,2024-09-21,APAC
777,Alex Williams,Individual,2024-12-09,APAC
778,Avery Brown,Enterprise,2021-05-13,EMEA
779,Avery Martinez,Individual,2022-02-12,AMER
780,Sam Martinez,Individual,2024-03-28,EMEA
781,Taylor Smith,Individual,2023-10-08,AMER
782,Jordan Martinez,SMB,2021-12-25,APAC
783,Jordan Jones,SMB,2023-10-07,EMEA
784,Avery Lee,Enterprise,2021-05-02,APAC
785,Charlie Garcia,Enterprise,2023-08-02,APAC
786,Morgan Martinez,SMB,2021-11-03,EMEA
787,Casey Davis,Individual,2024-10-19,EMEA
788,Casey Johnson,SMB,2022-09-06,EMEA
789,Taylor Davis,SMB,2023-03-18,EMEA
790,Morgan Jones,Enterprise,2022-04-23,APAC
791,Jordan Martinez,Enterprise,2024-05-13,EMEA
792,Jamie Williams,SMB,2024-10-14,AMER
793,Avery Garcia,Individual,2021-02-16,EMEA
794,Alex Davis,Enterprise,2022-07-31,APAC
795,Taylor Garcia,Enterprise,2021-07-09,AMER
796,Avery Brown,Individual,2024-11-01,APAC
797,Morgan Davis,Enterprise,2021-03-15,AMER
798,Alex Lee,SMB,2023-08-26,APAC
799,Avery Brown,Enterprise,2022-08-27,APAC
800,Jamie Lee,Enterprise,2022-03-29,EMEA
801,Taylor Smith,SMB,2022-01-12,APAC
802,Casey Smith,Individual,2022-05-22,AMER
803,Jordan Martinez,Individual,2023-07-13,APAC
804,Casey Garcia,SMB,2023-12-24,EMEA
805,Riley Martinez,SMB,2024-05-06,AMER
806,Avery Lee,Enterprise,2022-04-01,APAC
807,Jamie Miller,Individual,2024-03-02,APAC
808,Jamie Davis,Enterprise,2023-12-19,AMER
809,Sam Miller,Enterprise,2023-07-23,AMER
810,Casey Brown,Individual,2024-04-23,EMEA
811,Avery Davis,Individual,2022-07-26,AMER
812,Jamie Miller,Individual,2023-07-24,APAC
813,Taylor Smith,Individual,2022-08-29,AMER
814,Alex Jones,Enterprise,2021-10-18,EMEA
815,Taylor Davis,Enterprise,2022-05-11,AMER
816,Charlie Jones,SMB,2021-06-06,AMER
817,Jamie Miller,Individual,2022-10-13,APAC
818,Sam Smith,Individual,2024-01-23,AMER
819,Casey Davis,Enterprise,2021-03-22,EMEA
820,Casey Lee,Individual,2024-03-27,APAC
821,Morgan Jones,Enterprise,2023-02-19,AMER
822,Taylor Smith,Enterprise,2022-07-14,EMEA
823,Alex Miller,Individual,2023-08-09,APAC
824,Sam Smith,Enterprise,2023-03-12,APAC
825,Jamie Miller,Enterprise,2023-10-31,EMEA
826,Alex Johnson,Individual,2021-10-18,APAC
827,Sam Martinez,Individual,2022-06-01,AMER
828,Jordan Williams,Enterprise,2024-01-09,AMER
829,Taylor Smith,SMB,2024-10-09,AMER
830,Avery Jones,Individual,2024-08-17,AMER
831,Charlie Garcia,SMB,2023-06-13,AMER
832,Riley Smith,Enterprise,2024-02-15,AMER
833,Avery Smith,Enterprise,2024-08-21,AMER
834,Sam Brown,SMB,2024-04-17,EMEA
835,Charlie Smith,Individual,2022-02-21,AMER
836,Taylor Martinez,Individual,2023-09-23,APAC
837,Charlie Jones,Enterprise,2023-03-08,EMEA
838,Riley Williams,Enterprise,2024-03-29,APAC
839,Alex Davis,Enterprise,2023-02-19,AMER
840,Riley Williams,SMB,2024-11-15,AMER
841,Avery Garcia,SMB,2023-03-05,APAC
842,Jordan Smith,Enterprise,2024-09-24,APAC
843,Taylor Brown,Enterprise,2024-09-04,APAC
844,Charlie Johnson,Enterprise,2024-09-19,AMER
845,Casey Davis,SMB,2023-10-27,AMER
846,Alex Brown,SMB,2024-12-13,AMER
847,Sam Williams,SMB,2023-12-15,APAC
848,Alex Lee,Individual,2021-07-08,AMER
849,Jordan Williams,Enterprise,2023-10-11,EMEA
850,Alex Williams,SMB,2023-07-12,EMEA
851,Jamie Garcia,Individual,2023-08-17,APAC
852,Sam Johnson,Individual,2022-03-16,APAC
853,Casey Miller,Enterprise,2024-06-17,EMEA
854,Riley Martinez,Individual,2022-11-04,EMEA
855,Avery Johnson,Individual,2023-06-11,AMER
856,Sam Williams,Enterprise,2023-02-08,APAC
857,Avery Lee,SMB,2024-03-27,EMEA
858,Morgan Brown,SMB,2024-07-09,APAC
859,Charlie Lee,SMB,2022-05-15,AMER
860,Morgan Lee,Individual,2023-05-18,AMER
861,Riley Smith,Enterprise,2024-07-19,AMER
862,Alex Davis,Individual,2023-10-01,EMEA
863,Alex Miller,SMB,2023-10-10,AMER
864,Sam Davis,Individual,2021-10-11,AMER
865,Jamie Jones,SMB,2023-12-20,EMEA
866,Sam Jones,SMB,2022-05-06,AMER
867,Jamie Brown,Individual,2024-06-16,AMER
868,Jamie Smith,Enterprise,2022-03-15,EMEA
869,Jamie Martinez,Enterprise,2024-02-02,AMER
870,Taylor Martinez,Individual,2022-10-04,AMER
871,Jamie Garcia,Enterprise,2022-08-19,AMER
872,Riley Brown,Individual,2023-12-13,AMER
873,Alex Martinez,Enterprise,2024-10-01,AMER
874,Riley Jones,SMB,2022-04-05,AMER
875,Casey Smith,SMB,2023-12-19,AMER
876,Casey Williams,SMB,2023-04-07,AMER
877,Charlie Brown,Individual,2024-02-04,APAC
878,Alex Martinez,Individual,2023-10-18,AMER
879,Jordan Johnson,Individual,2021-05-21,AMER
880,Alex Smith,Enterprise,2022-06-09,APAC
881,Taylor Jones,Enterprise,2024-08-23,AMER
882,Charlie Jones,Individual,2023-02-27,AMER
883,Jordan Miller,Individual,2023-02-04,AMER
884,Taylor Martinez,Enterprise,2022-10-29,AMER
885,Riley Lee,Individual,2023-12-17,AMER
886,Charlie Lee,Individual,2021-05-13,AMER
887,Riley Lee,SMB,2023-04-19,EMEA
888,Alex Williams,Enterprise,2023-08-24,AMER
889,Avery Davis,SMB,2022-01-16,APAC
890,Casey Brown,SMB,2022-03-03,AMER
891,Casey Smith,Enterprise,2022-10-31,APAC
892,Taylor Martinez,Individual,2021-07-25,EMEA
893,Sam Miller,Enterprise,2022-01-29,AMER
894,Alex Smith,Enterprise,2021-10-22,EMEA
895,Charlie Miller,Individual,2024-05-26,APAC
896,Charlie Jones,SMB,2022-07-07,APAC
897,Riley Brown,Enterprise,2022-02-28,AMER
898,Alex Garcia,Individual,2023-03-18,EMEA
899,Casey Brown,Individual,2021-02-19,EMEA
900,Casey Miller,Individual,2024-09-09,APAC
901,Sam Davis,Enterprise,2023-09-30,APAC
902,Casey Davis,SMB,2022-03-05,EMEA
903,Taylor Brown,Enterprise,2024-08-25,AMER
904,Taylor Davis,SMB,2024-01-11,AMER
905,Charlie Williams,Enterprise,2021-02-01,APAC
906,Jamie Davis,SMB,2024-03-18,AMER
907,Avery Martinez,Individual,2022-02-23,AMER
908,Jamie Garcia,Individual,2022-08-19,APAC
909,Casey Garcia,Individual,2024-05-17,EMEA
910,Sam Smith,Enterprise,2021-06-23,AMER
911,Jamie Brown,SMB,2021-11-20,AMER
912,Jamie Martinez,Individual,2022-01-26,AMER
913,Jamie Smith,Individual,2021-03-23,APAC
914,Sam Johnson,SMB,2022-10-03,APAC
915,Charlie Garcia,Individual,2024-05-07,AMER
916,Alex Lee,Enterprise,2023-11-01,AMER
917,Morgan Lee,Individual,2021-05-09,EMEA
918,Taylor Smith,Individual,2023-07-31,AMER
919,Riley Garcia,Enterprise,2023-05-06,APAC
920,Sam Davis,Individual,2022-09-20,AMER
921,Alex Williams,SMB,2021-01-19,EMEA
922,Alex Johnson,Individual,2021-01-09,AMER
923,Riley Brown,SMB,2021-07-17,APAC
924,Avery Garcia,Individual,2021-12-27,EMEA
925,Riley Garcia,Enterprise,2023-12-13,AMER
926,Morgan Brown,Enterprise,2022-01-26,APAC
927,Jordan Johnson,SMB,2022-07-02,EMEA
928,Morgan Davis,Enterprise,2023-04-02,APAC
929,Jordan Miller,SMB,2021-05-29,APAC
930,Casey Johnson,Enterprise,2021-09-03,APAC
931,Sam Garcia,Individual,2023-07-28,AMER
932,Avery Johnson,Individual,2023-06-14,AMER
933,Avery Johnson,SMB,2023-10-01,APAC
934,Riley Jones,Individual,2022-05-05,APAC
935,Morgan Brown,Enterprise,2024-09-24,EMEA
936,Casey Miller,Individual,2022-08-16,EMEA
937,Avery Brown,Individual,2021-01-30,APAC
938,Morgan Johnson,Enterprise,2024-03-08,EMEA
939,Sam Williams,Individual,2024-09-13,APAC
940,Casey Smith,Individual,2022-08-27,EMEA
941,Avery Johnson,Individual,2021-01-19,EMEA
942,Jamie Johnson,Individual,2023-08-17,EMEA
943,Sam Brown,SMB,2023-08-16,AMER
944,Jamie Garcia,Individual,2023-01-10,APAC
945,Charlie Brown,SMB,2021-08-12,AMER
946,Jamie Garcia,SMB,2022-01-28,APAC
947,Jordan Garcia,Enterprise,2022-01-20,AMER
948,Jordan Brown,Individual,2024-07-14,EMEA
949,Morgan Johnson,Enterprise,2023-01-19,AMER
950,Casey Miller,Enterprise,2022-03-23,EMEA
951,Taylor Davis,Individual,2022-05-01,APAC
952,Charlie Davis,SMB,2023-09-05,EMEA
953,Avery Johnson,SMB,2022-03-15,EMEA
954,Sam Williams,SMB,2022-05-24,APAC
955,Riley Jones,Enterprise,2024-08-03,APAC
956,Jordan Davis,SMB,2021-05-28,EMEA
957,Morgan Garcia,Individual,2023-06-23,AMER
958,Jamie Martinez,Enterprise,2023-04-25,AMER
959,Charlie Smith,Individual,2024-04-17,APAC
960,Charlie Smith,Individual,2021-04-29,EMEA
961,Morgan Davis,Individual,2023-04-19,AMER
962,Casey Johnson,SMB,2021-03-23,EMEA
963,Sam Davis,Enterprise,2022-08-01,APAC
964,Morgan Jones,SMB,2024-06-03,APAC
965,Casey Williams,SMB,2022-11-03,APAC
966,Alex Brown,SMB,2023-07-06,EMEA
967,Alex Miller,SMB,2024-06-25,EMEA
968,Morgan Miller,Individual,2024-08-11,AMER
969,Taylor Williams,Individual,2021-04-10,AMER
970,Jordan Johnson,Individual,2023-09-13,APAC
971,Sam Jones,Individual,2023-09-30,AMER
972,Alex Jones,Enterprise,2021-11-22,AMER
973,Avery Johnson,SMB,2024-08-08,EMEA
974,Sam Smith,SMB,2022-08-30,AMER
975,Charlie Smith,Enterprise,2023-12-29,AMER
976,Morgan Jones,SMB,2023-05-26,EMEA
977,Riley Jones,Enterprise,2024-03-04,APAC
978,Morgan Williams,Enterprise,2023-09-04,AMER
979,Jamie Williams,Enterprise,2024-09-16,EMEA
980,Charlie Lee,Individual,2024-12-25,APAC
981,Charlie Lee,Enterprise,2024-10-18,APAC
982,Alex Johnson,Individual,2021-10-24,EMEA
983,Jamie Lee,Enterprise,2024-10-26,AMER
984,Riley Garcia,Enterprise,2022-03-16,APAC
985,Casey Jones,SMB,2022-04-30,AMER
986,Jamie Davis,Enterprise,2021-09-08,EMEA
987,Morgan Miller,Individual,2023-10-17,AMER
988,Sam Johnson,SMB,2023-10-11,APAC
989,Sam Lee,Enterprise,2021-10-29,APAC
990,Riley Martinez,Individual,2024-05-26,EMEA
991,Jordan Smith,Enterprise,2022-05-20,APAC
992,Charlie Davis,Enterprise,2024-10-03,APAC
993,Alex Brown,SMB,2023-12-08,AMER
994,Casey Davis,Enterprise,2021-11-21,AMER
995,Taylor Williams,Enterprise,2021-12-04,APAC
996,Sam Smith,Enterprise,2022-04-01,APAC
997,Avery Lee,SMB,2022-07-19,APAC
998,Casey Martinez,Enterprise,2023-05-24,EMEA
999,Casey Davis,Enterprise,2021-11-27,EMEA
1000,Taylor Davis,SMB,2021-04-13,AMER
